<?xml version="1.0" encoding="UTF-8" ?>
<!DOCTYPE mapper PUBLIC "-//mybatis.org//DTD Mapper 3.0//EN" "http://mybatis.org/dtd/mybatis-3-mapper.dtd" >

<mapper namespace="com.icia.board.dao.MemberDao">
    <insert id="insertMember" parameterType="MemberDto">
        INSERT INTO member
        VALUES (#{m_id},#{m_pwd},#{m_name},#{m_email},
        		#{m_birth},#{m_addr},#{m_phone},DEFAULT)
    </insert>
    <update id="updateMemberPoint" parameterType="MemberDto">
        UPDATE member
        SET m_point=#{m_point}
        WHERE m_id=#{m_id}
    </update>

    <select id="selectId" resultType="Integer"
            parameterType="String">
        SELECT count(*) FROM member WHERE m_id=#{mid}
    </select>
    <select id="selectPassword" resultType="String"
            parameterType="String">
        SELECT m_pwd FROM member WHERE m_id=#{mid}
    </select>
    <select id="selectMember" resultType="MemberDto"
            parameterType="String">
        SELECT * FROM minfo WHERE m_id=#{mid}
    </select>
    <select id="selectEmail" resultType="String"
    		parameterType="String">
    	SELECT m_email FROM member WHERE m_id=#{m_id}
    </select>
    
    <update id="updatePwd" parameterType="MemberDto">
    	UPDATE member
    	SET m_pwd=#{m_pwd}
    	WHERE m_id=#{m_id}
    </update>
</mapper>